자치구,요일,대상연월,도착시간,출발 시군구 코드,도착 시군구 코드,나이,평균 이동 시간(분),이동인구(합)
강남구,금,35890198980,2551432,3922340783,1993268850,7636325,5807210,10326678.77
강남구,목,32730357072,2300481,3530245872,1817777640,7023030,5066950,8248933.53
강남구,수,32333228416,2267841,3479938648,1795721920,6943905,4950610,8139792.13
강남구,월,32198156144,2240324,3470228388,1788220280,6910160,5015100,7863864.52
강남구,일,28260435448,2018831,3036222070,1569527260,5787615,4235990,4848301.17
강남구,토,33917901164,2392851,3694396069,1883731430,7065115,5265140,7899526.66
강남구,화,32082495456,2247833,3451594095,1781796720,6901880,4921290,8122561.08
강동구,금,21650791096,1605525,2280037722,1204582500,4723360,3509650,4695682.26
강동구,목,18920026076,1384934,1953110233,1052651250,4168135,2864080,3669844.04
강동구,수,18750579124,1368844,1930406537,1043223750,4141295,2803540,3671387.25
강동구,월,18512382812,1343355,1915680853,1029971250,4084530,2812840,3684923.47
강동구,일,17617225704,1306836,1880098671,980167500,3722915,2742750,2976162.94
강동구,토,21490645528,1584238,2291801178,1195672500,4581920,3409260,4151489.27
강동구,화,18646444064,1358343,1922088954,1037430000,4128890,2782950,3695924.91
강북구,금,16054593192,1209555,1447893861,880523820,3487420,2524250,2490836.76
강북구,목,13825900704,1025963,1208501424,758289840,3033855,2017040,1925923.3
강북구,수,13717721564,1017841,1193532134,752356690,3013395,1987170,1930225.72
강북구,월,13677078560,1014526,1199103331,750127600,2996770,2020370,1972912.65
강북구,일,13730662620,1026802,1288198523,753066450,2942280,2116680,1647505.96
강북구,토,16944695200,1265079,1592753259,929342000,3659280,2657420,2327765.34
강북구,화,13766048320,1021031,1200620173,755007200,3030070,1996780,1942379.39
강서구,금,25805881092,1870594,2696584041,1424272680,5475570,4154600,4913696.1
강서구,목,22817710380,1630457,2341777710,1259350200,4877770,3490160,3873224.88
강서구,수,22462842360,1606230,2293069520,1239764400,4817630,3402870,3877648.71
강서구,월,22308156300,1581440,2292503210,1231227000,4779190,3435910,3877869.46
강서구,일,21618640660,1566032,2287725913,1193171400,4501900,3315700,2981344.28
강서구,토,25399248848,1833626,2685841979,1401829920,5342405,3974130,4308098.06
강서구,화,22323119396,1591562,2283005993,1232052840,4810555,3374340,3859587.2
관악구,금,23446362616,1743452,2390831203,1299844340,4920400,3679300,3894113.3
관악구,목,20377310304,1494759,2023289873,1129698960,4308095,2996390,3085816.83
관악구,수,20163580676,1475321,1990355712,1117849990,4274380,2929930,3090892.29
관악구,월,20095842336,1462363,1997829551,1114094640,4239455,3013970,3132774.69
관악구,일,19703768780,1466423,2031795601,1092358450,4052300,3044900,2462980.6
관악구,토,23599431044,1746341,2443153868,1308330310,4933045,3647090,3475835.0
관악구,화,20071375652,1468808,1983551886,1112738230,4260165,2919400,3113566.54
광진구,금,22161760604,1637600,2195002402,1211091050,4616620,3456660,3677851.81
광진구,목,19415223672,1412192,1874812425,1060998900,4066280,2828940,2863508.02
광진구,수,19149527616,1391353,1842023541,1046479200,4029280,2757490,2836266.04
광진구,월,19185519928,1387892,1858656007,1048446100,4025905,2830520,2873390.91
광진구,일,18852085532,1395175,1895327518,1030224650,3825535,2869870,2514348.0
광진구,토,22561517912,1657134,2282466550,1232936900,4630970,3490120,3568461.96
광진구,화,19113130896,1389130,1838819499,1044490200,4029350,2750160,2855854.57
구로구,금,23267007668,1706996,2415019538,1285298390,4992570,3438860,3512580.15
구로구,목,20465673452,1481385,2083121090,1130549210,4432870,2855010,2786946.47
구로구,수,20383983036,1470022,2071047425,1126036530,4425050,2815590,2787101.17
구로구,월,20071375652,1441756,2044341204,1108767710,4353915,2817650,2798826.89
구로구,일,18761295936,1378842,1966651742,1036397280,3956735,2697070,2122838.4
구로구,토,23209177324,1702987,2445484493,1282103770,4943800,3348070,3015415.77
구로구,화,20192293644,1457969,2052282284,1115447370,4389400,2788750,2780041.75
금천구,금,18302495060,1318121,1914930333,1011957700,3897440,2678110,2151491.81
금천구,목,16004851008,1136575,1650274944,884919360,3431595,2222360,1719997.83
금천구,수,15924778224,1127624,1637128252,880492080,3419890,2194280,1717238.53
금천구,월,15821047572,1114392,1636825094,874756740,3399510,2245320,1737993.98
금천구,일,13438882248,998469,1418755558,743045160,2810030,1919820,1105010.68
금천구,토,16936607040,1245371,1785332115,936436800,3590710,2393910,1599962.01
금천구,화,15861892780,1124042,1634447305,877015100,3411120,2188810,1733643.58
노원구,금,21293698832,1591972,2091971575,1169971880,4536865,3352880,4298608.81
노원구,목,18664642424,1372972,1787770429,1025519660,3997950,2736030,3391868.37
노원구,수,18437971740,1350782,1754130873,1013065350,3960700,2652350,3407599.03
노원구,월,18313616280,1340671,1754966849,1006232700,3907975,2678790,3412035.71
노원구,일,17736121656,1318048,1769309000,974502540,3722250,2675930,2760007.46
노원구,토,21441509956,1588634,2144912691,1178093290,4527120,3327790,3957510.83
노원구,화,18387825148,1347992,1753068035,1010310070,3948010,2666580,3406278.85
도봉구,금,15057120860,1133758,1402829784,826561500,3317155,2316450,2237493.6
도봉구,목,13003739240,967674,1181053535,713841000,2892680,1865790,1758299.66
도봉구,수,12837729756,953819,1160929228,704727900,2858080,1815630,1754566.85
도봉구,월,12678595208,939700,1151493425,695992200,2812040,1818950,1773252.12
도봉구,일,12827012944,953862,1240649316,704139600,2799500,1921560,1547748.96
도봉구,토,15695074480,1170427,1515824796,861582000,3437080,2406020,2116158.17
도봉구,화,12756443748,947074,1153489491,700265700,2844605,1821190,1754174.75
동대문구,금,21809116828,1582585,2064515520,1192898420,4740720,3258950,3363919.79
동대문구,목,19278533768,1378979,1775284046,1054482520,4232090,2715480,2676045.79
동대문구,수,19129307216,1367017,1757074853,1046320240,4198015,2666840,2662805.43
동대문구,월,18999896656,1351422,1757424581,1039241840,4161525,2708860,2680447.36
동대문구,일,18057221608,1326987,1734154089,987680120,3876910,2642300,2036591.3
동대문구,토,21756948196,1582291,2096047711,1190044940,4715065,3201120,2918540.68
동대문구,화,19075318748,1361898,1755194324,1043367220,4198405,2666930,2665152.29
동작구,금,22497823652,1657125,2219570272,1246145600,4761725,3384790,3291692.71
동작구,목,19766047612,1437403,1901508544,1094833600,4213805,2785570,2607659.85
동작구,수,19600442536,1423085,1877500951,1085660800,4182360,2746830,2600633.68
동작구,월,19447576312,1403547,1874125255,1077193600,4143055,2780920,2633474.96
동작구,일,18637344884,1379596,1859229567,1032315200,3875380,2744470,2034054.5
동작구,토,22560506892,1651062,2266719296,1249617600,4743665,3346250,2882643.54
동작구,화,19542005580,1416372,1874292208,1082424000,4177285,2741410,2627799.81
마포구,금,26134058184,1912685,2611834960,1439800440,5334280,4066590,5042620.94
마포구,목,23035888496,1663838,2242422960,1269113360,4744485,3356260,3869966.03
마포구,수,22721259072,1640006,2202756766,1251779520,4683195,3268470,3820725.71
마포구,월,22494790592,1611840,2188957479,1239302720,4635850,3335210,3748043.9
마포구,일,21509854908,1583492,2156468670,1185039780,4264310,3293920,3119898.91
마포구,토,25755127888,1885003,2605333856,1418924080,5182175,3993000,4751030.84
마포구,화,22622381316,1627034,2191963442,1246332060,4673340,3271990,3816436.29
서대문구,금,21655239584,1559762,2079733912,1191978480,4526910,3322730,3447933.82
서대문구,목,19375187280,1369068,1821763021,1066476600,4076785,2831210,2774996.72
서대문구,수,19039124232,1342746,1779551798,1047978540,4016460,2731060,2749436.78
서대문구,월,18933978152,1327865,1779545444,1042190940,3980360,2785900,2746490.27
서대문구,일,16957029644,1248572,1628326440,933372930,3457865,2536940,1926804.81
서대문구,토,20602969968,1501434,1999780761,1134057960,4253195,3144160,2772733.41
서대문구,화,18971385892,1336767,1776479408,1044249990,4008025,2737380,2770064.73
서초구,금,31980584640,2277707,3462134463,1774555200,6839065,5006000,6663872.39
서초구,목,28984932380,2042756,3095945409,1608330900,6252280,4322870,5290554.49
서초구,수,28435139704,1994085,3022900588,1577823720,6139790,4187440,5244095.37
서초구,월,28213524120,1964773,3007195120,1565526600,6090535,4221040,5132034.43
서초구,일,25067836492,1805679,2681855744,1390977060,5204225,3700420,3551422.28
서초구,토,30133653304,2137692,3260638887,1672071720,6330845,4574410,5343748.65
서초구,화,28350820636,1989350,3014988876,1573144980,6133650,4169510,5243454.53
성동구,금,22543521756,1626777,2164856692,1230838560,4713495,3447880,3638263.07
성동구,목,20057423576,1427102,1881075429,1095101760,4220095,2903320,2886782.01
성동구,수,19828124240,1408053,1851655969,1082582400,4183210,2819010,2878399.15
성동구,월,19701140128,1392820,1849235938,1075649280,4146555,2874850,2867069.79
성동구,일,18222220072,1338749,1756779971,994902720,3732545,2713940,2085081.25
성동구,토,21877866188,1589974,2131299619,1194494880,4530670,3325580,3063626.6
성동구,화,19759779288,1402981,1845839344,1078850880,4176090,2829300,2889635.21
성북구,금,21212817232,1574141,1974280272,1162380640,4458845,3272540,3698290.08
성북구,목,18793244168,1369495,1697493461,1029797360,3966965,2700940,2978538.93
성북구,수,18510158568,1348243,1662192900,1014285360,3919110,2623750,2987601.43
성북구,월,18476188296,1341184,1669760618,1012423920,3888755,2675510,2986993.91
성북구,일,18118287216,1349390,1717567927,992812320,3751280,2696760,2297398.44
성북구,토,21333735224,1581360,2026244663,1169006480,4464020,3221530,3206535.25
성북구,화,18499846164,1348371,1665264220,1013720280,3920080,2640760,2984903.5
송파구,금,30756239420,2243037,3392131601,1709660200,6490940,5173560,7721753.24
송파구,목,27225959784,1962984,2955431176,1513421040,5828540,4310240,5936768.86
송파구,수,26985943636,1940752,2921694861,1500079160,5785485,4237130,5891357.87
송파구,월,26718023336,1911463,2900480422,1485186160,5727765,4260930,5898767.33
송파구,일,25499946440,1867390,2808148039,1417476400,5221110,4108960,5030608.75
송파구,토,29857240436,2162826,3299020730,1659687160,6156255,4893140,7335078.32
송파구,화,26797691712,1927002,2902792361,1489614720,5761445,4201480,5928977.92
양천구,금,19690018908,1466598,1947997822,1085753550,4202295,2907870,3195285.45
양천구,목,17211604480,1267607,1660103959,949088000,3709080,2388660,2493223.42
양천구,수,16861184948,1242200,1621308370,929765050,3644090,2311870,2486844.74
양천구,월,16715193660,1224716,1610419961,921714750,3608450,2325870,2497433.04
양천구,일,16557272336,1224519,1672333095,913006600,3453970,2366250,2075064.5
양천구,토,19953086312,1473660,2016522262,1100259700,4196065,2899610,2956195.51
양천구,화,16827619084,1237169,1616791154,927914150,3639740,2312230,2490747.85
영등포구,금,28544532068,2059746,2931244574,1579658730,6073600,4338720,5499739.01
영등포구,목,25318367248,1804316,2547248159,1401122280,5447835,3615080,4300494.87
영등포구,수,25143865196,1784143,2523975550,1391465310,5422500,3577110,4295643.55
영등포구,월,24976844692,1768226,2515731767,1382222370,5372865,3650380,4276080.52
영등포구,일,23994942068,1741099,2466234283,1327883730,4964130,3593840,3375135.67
영등포구,토,28379735808,2058818,2956809281,1570538880,5947835,4277230,4809777.94
영등포구,화,24905466680,1769507,2501599506,1378272300,5383205,3537820,4279076.28
용산구,금,23555350572,1701161,2329363769,1284917790,4926840,3572430,3167455.75
용산구,목,20534827220,1457039,1974920728,1120151650,4351855,2953720,2426418.24
용산구,수,20177734956,1425858,1929665885,1100672670,4277995,2850930,2393452.83
용산구,월,19876046588,1398211,1899161613,1084215910,4219135,2851910,2332270.49
용산구,일,19018499424,1382063,1868768439,1037437680,3873825,2785890,2052382.12
용산구,토,22967341340,1663572,2288767495,1252842550,4715635,3451230,3023038.88
용산구,화,20016578368,1414031,1915551479,1091881760,4261650,2839930,2384571.8
은평구,금,19113333100,1437383,1877846323,1051118000,4139315,3007930,3595089.25
은평구,목,16587198528,1230119,1587791833,912195840,3632885,2447330,2810213.95
은평구,수,16365987352,1210874,1561588879,900030560,3592180,2373580,2814556.12
은평구,월,16271962492,1200122,1563212907,894859760,3563085,2406580,2848011.9
은평구,일,16199169052,1210191,1634296552,890856560,3453380,2518910,2320798.78
은평구,토,19809319268,1472587,1987334173,1089393040,4254625,3103610,3342033.62
은평구,화,16354057316,1210154,1563690026,899374480,3595165,2384450,2803356.06
종로구,금,25129913120,1756995,2461133904,1368322800,5426220,3887170,4166914.7
종로구,목,22555451792,1555069,2159048674,1228143480,4940745,3308020,3323165.19
종로구,수,22425030212,1539401,2144058494,1221042030,4905170,3281180,3311768.71
종로구,월,21946413344,1497385,2089462453,1194981360,4812865,3246100,3134316.38
종로구,일,20042662684,1428315,1942093664,1091322210,4204650,3018910,2371710.31
종로구,토,24201796760,1711826,2397901521,1317786900,5114025,3761640,3807131.3
종로구,화,22119702172,1517324,2108262991,1204416930,4862215,3219290,3266896.6
중구,금,25523806512,1788381,2507300253,1391032560,5450635,3882990,4417888.05
중구,목,23241529964,1617338,2234577707,1266649820,5028655,3366420,3602113.51
중구,수,22903444876,1587322,2190334109,1248224380,4958520,3285440,3543352.24
중구,월,22648263428,1565753,2170356518,1234317140,4911445,3305220,3428583.56
중구,일,20430287752,1479213,1989014061,1113438760,4279245,3029770,2099287.8
중구,토,24027901320,1699118,2383460286,1309506600,5086805,3666350,3325035.09
중구,화,22741479472,1576849,2173077595,1239397360,4939240,3270550,3548650.39
중랑구,금,18469919972,1381871,1766950915,1011167010,4017120,2825110,2964106.6
중랑구,목,16093214156,1187926,1496537510,881050230,3529420,2274250,2317234.59
중랑구,수,15934484016,1175852,1477167012,872360280,3500275,2239520,2305780.75
중랑구,월,15729651364,1157303,1467634860,861146370,3451810,2240760,2341221.75
중랑구,일,15518752592,1156177,1522993757,849600360,3326885,2279680,1918333.54
중랑구,토,19013848732,1416666,1869072769,1040945310,4090370,2847300,2752228.65
중랑구,화,15846525276,1167233,1469120074,867544830,3481780,2226170,2324310.78
